"","region","gene_symbol","expression","in_16p_region"
"1","ctx-lh-bankssts","ALDOA",0.478570844829665,"Yes"
"2","ctx-lh-bankssts","SFN",0.357532190036677,"No"
"3","ctx-lh-bankssts","KIF22",0.548512839574531,"Yes"
"4","ctx-lh-bankssts","MAZ",0.417702349876952,"Yes"
"5","ctx-lh-bankssts","PPP4C",0.314506567884876,"Yes"
"6","ctx-lh-bankssts","MAPK3",0.448233643913548,"Yes"
"7","ctx-lh-bankssts","MAP4K2",0.458627443829094,"No"
"8","ctx-lh-bankssts","RPL12",0.375967578109717,"No"
"9","ctx-lh-bankssts","TAOK2",0.380022126393606,"Yes"
"10","ctx-lh-bankssts","CDIPT",0.490571124068227,"Yes"
"11","ctx-lh-bankssts","FTCD",0.560995965548505,"No"
"12","ctx-lh-bankssts","DNAH1",0.520501439520322,"No"
"13","ctx-lh-bankssts","LGALS14",0.39707969555381,"No"
"14","ctx-lh-bankssts","CARNS1",0.525087476223921,"No"
"15","ctx-lh-bankssts","PAGR1",0.580831213819996,"No"
"16","ctx-lh-bankssts","TRAF3IP3",0.423242215722481,"No"
"17","ctx-lh-bankssts","PMFBP1",0.44335882547663,"No"
"18","ctx-lh-bankssts","OR6W1P",0.504314363519883,"No"
"19","ctx-lh-bankssts","TMEM219",0.504868343166158,"Yes"
"20","ctx-lh-bankssts","ACTL10",0.436700529393731,"No"
"21","ctx-lh-bankssts","RHOV",0.424198843082221,"No"
"22","ctx-lh-bankssts","INO80E",0.457946032677328,"Yes"
"23","ctx-lh-caudalanteriorcingulate","ALDOA",0.476442545722848,"Yes"
"24","ctx-lh-caudalanteriorcingulate","SFN",0.55769423624464,"No"
"25","ctx-lh-caudalanteriorcingulate","KIF22",0.540570253504288,"Yes"
"26","ctx-lh-caudalanteriorcingulate","MAZ",0.569493442990338,"Yes"
"27","ctx-lh-caudalanteriorcingulate","PPP4C",0.562925426830058,"Yes"
"28","ctx-lh-caudalanteriorcingulate","MAPK3",0.712352286951388,"Yes"
"29","ctx-lh-caudalanteriorcingulate","MAP4K2",0.329825399543615,"No"
"30","ctx-lh-caudalanteriorcingulate","RPL12",0.779348677593768,"No"
"31","ctx-lh-caudalanteriorcingulate","TAOK2",0.596237898966829,"Yes"
"32","ctx-lh-caudalanteriorcingulate","CDIPT",0.33017950312408,"Yes"
"33","ctx-lh-caudalanteriorcingulate","FTCD",0.269042841746882,"No"
"34","ctx-lh-caudalanteriorcingulate","DNAH1",0.322742578487271,"No"
"35","ctx-lh-caudalanteriorcingulate","LGALS14",0.492778546230595,"No"
"36","ctx-lh-caudalanteriorcingulate","CARNS1",0.623558696684439,"No"
"37","ctx-lh-caudalanteriorcingulate","PAGR1",0.520494686143314,"No"
"38","ctx-lh-caudalanteriorcingulate","TRAF3IP3",0.684577045838431,"No"
"39","ctx-lh-caudalanteriorcingulate","PMFBP1",0.443507459538749,"No"
"40","ctx-lh-caudalanteriorcingulate","OR6W1P",0.513893406257824,"No"
"41","ctx-lh-caudalanteriorcingulate","TMEM219",0.637044993691383,"Yes"
"42","ctx-lh-caudalanteriorcingulate","ACTL10",0.47894100863932,"No"
"43","ctx-lh-caudalanteriorcingulate","RHOV",0.391322448943515,"No"
"44","ctx-lh-caudalanteriorcingulate","INO80E",0.39364960245648,"Yes"
"45","ctx-lh-caudalmiddlefrontal","ALDOA",0.606705921815037,"Yes"
"46","ctx-lh-caudalmiddlefrontal","SFN",0.505647248281789,"No"
"47","ctx-lh-caudalmiddlefrontal","KIF22",0.42909931865825,"Yes"
"48","ctx-lh-caudalmiddlefrontal","MAZ",0.507249379789278,"Yes"
"49","ctx-lh-caudalmiddlefrontal","PPP4C",0.519252659354773,"Yes"
"50","ctx-lh-caudalmiddlefrontal","MAPK3",0.489468791763446,"Yes"
"51","ctx-lh-caudalmiddlefrontal","MAP4K2",0.661235274295015,"No"
"52","ctx-lh-caudalmiddlefrontal","RPL12",0.485188180384767,"No"
"53","ctx-lh-caudalmiddlefrontal","TAOK2",0.462156326566078,"Yes"
"54","ctx-lh-caudalmiddlefrontal","CDIPT",0.642775431327035,"Yes"
"55","ctx-lh-caudalmiddlefrontal","FTCD",0.487611117439442,"No"
"56","ctx-lh-caudalmiddlefrontal","DNAH1",0.475423280851165,"No"
"57","ctx-lh-caudalmiddlefrontal","LGALS14",0.483830216868462,"No"
"58","ctx-lh-caudalmiddlefrontal","CARNS1",0.578901234749456,"No"
"59","ctx-lh-caudalmiddlefrontal","PAGR1",0.342330937419832,"No"
"60","ctx-lh-caudalmiddlefrontal","TRAF3IP3",0.531609454742433,"No"
"61","ctx-lh-caudalmiddlefrontal","PMFBP1",0.503979465997724,"No"
"62","ctx-lh-caudalmiddlefrontal","OR6W1P",0.526965781107462,"No"
"63","ctx-lh-caudalmiddlefrontal","TMEM219",0.591014939789607,"Yes"
"64","ctx-lh-caudalmiddlefrontal","ACTL10",0.550373987637381,"No"
"65","ctx-lh-caudalmiddlefrontal","RHOV",0.621676625879726,"No"
"66","ctx-lh-caudalmiddlefrontal","INO80E",0.58637448908156,"Yes"
"67","ctx-lh-cuneus","ALDOA",0.309156909891891,"Yes"
"68","ctx-lh-cuneus","SFN",0.527189806006336,"No"
"69","ctx-lh-cuneus","KIF22",0.422638935850962,"Yes"
"70","ctx-lh-cuneus","MAZ",0.498930047661316,"Yes"
"71","ctx-lh-cuneus","PPP4C",0.487081557657032,"Yes"
"72","ctx-lh-cuneus","MAPK3",0.120275515541108,"Yes"
"73","ctx-lh-cuneus","MAP4K2",0.712953213402135,"No"
"74","ctx-lh-cuneus","RPL12",0.19538633801681,"No"
"75","ctx-lh-cuneus","TAOK2",0.45296563516836,"Yes"
"76","ctx-lh-cuneus","CDIPT",0.37431485952025,"Yes"
"77","ctx-lh-cuneus","FTCD",0.324424451785772,"No"
"78","ctx-lh-cuneus","DNAH1",0.656123846805145,"No"
"79","ctx-lh-cuneus","LGALS14",0.500307891896174,"No"
"80","ctx-lh-cuneus","CARNS1",0.500463876204062,"No"
"81","ctx-lh-cuneus","PAGR1",0.699582668350272,"No"
"82","ctx-lh-cuneus","TRAF3IP3",0.219791500354527,"No"
"83","ctx-lh-cuneus","PMFBP1",0.612213603836612,"No"
"84","ctx-lh-cuneus","OR6W1P",0.439294154748462,"No"
"85","ctx-lh-cuneus","TMEM219",0.30817288811375,"Yes"
"86","ctx-lh-cuneus","ACTL10",0.487224162774693,"No"
"87","ctx-lh-cuneus","RHOV",0.677682352619556,"No"
"88","ctx-lh-cuneus","INO80E",0.619802602707706,"Yes"
"89","ctx-lh-entorhinal","ALDOA",0.46312137769871,"Yes"
"90","ctx-lh-entorhinal","SFN",0.554288926408615,"No"
"91","ctx-lh-entorhinal","KIF22",0.561311513305602,"Yes"
"92","ctx-lh-entorhinal","MAZ",0.71022372202612,"Yes"
"93","ctx-lh-entorhinal","PPP4C",0.637287932022611,"Yes"
"94","ctx-lh-entorhinal","MAPK3",0.845886317437635,"Yes"
"95","ctx-lh-entorhinal","MAP4K2",0.536744523477992,"No"
"96","ctx-lh-entorhinal","RPL12",0.812872576371041,"No"
"97","ctx-lh-entorhinal","TAOK2",0.685079127848955,"Yes"
"98","ctx-lh-entorhinal","CDIPT",0.274000557966573,"Yes"
"99","ctx-lh-entorhinal","FTCD",0.254090287832041,"No"
"100","ctx-lh-entorhinal","DNAH1",0.29557334512256,"No"
"101","ctx-lh-entorhinal","LGALS14",0.511329272660029,"No"
"102","ctx-lh-entorhinal","CARNS1",0.392758909507204,"No"
"103","ctx-lh-entorhinal","PAGR1",0.379453459972016,"No"
"104","ctx-lh-entorhinal","TRAF3IP3",0.79431277986562,"No"
"105","ctx-lh-entorhinal","PMFBP1",0.414876135161053,"No"
"106","ctx-lh-entorhinal","OR6W1P",0.54022726827756,"No"
"107","ctx-lh-entorhinal","TMEM219",0.739889222422034,"Yes"
"108","ctx-lh-entorhinal","ACTL10",0.534676151352985,"No"
"109","ctx-lh-entorhinal","RHOV",0.352032814505428,"No"
"110","ctx-lh-entorhinal","INO80E",0.593185114186688,"Yes"
"111","ctx-lh-fusiform","ALDOA",0.566712247887766,"Yes"
"112","ctx-lh-fusiform","SFN",0.450269369953715,"No"
"113","ctx-lh-fusiform","KIF22",0.527942051379165,"Yes"
"114","ctx-lh-fusiform","MAZ",0.528289536703669,"Yes"
"115","ctx-lh-fusiform","PPP4C",0.435876090704219,"Yes"
"116","ctx-lh-fusiform","MAPK3",0.63971323367248,"Yes"
"117","ctx-lh-fusiform","MAP4K2",0.492122312616715,"No"
"118","ctx-lh-fusiform","RPL12",0.512960699584896,"No"
"119","ctx-lh-fusiform","TAOK2",0.516661159669579,"Yes"
"120","ctx-lh-fusiform","CDIPT",0.561166161724353,"Yes"
"121","ctx-lh-fusiform","FTCD",0.573675858321381,"No"
"122","ctx-lh-fusiform","DNAH1",0.559928044357465,"No"
"123","ctx-lh-fusiform","LGALS14",0.43110629952718,"No"
"124","ctx-lh-fusiform","CARNS1",0.485327114939137,"No"
"125","ctx-lh-fusiform","PAGR1",0.509248787603485,"No"
"126","ctx-lh-fusiform","TRAF3IP3",0.482869647334124,"No"
"127","ctx-lh-fusiform","PMFBP1",0.443439093235053,"No"
"128","ctx-lh-fusiform","OR6W1P",0.445082208058731,"No"
"129","ctx-lh-fusiform","TMEM219",0.526390368581672,"Yes"
"130","ctx-lh-fusiform","ACTL10",0.405598250631233,"No"
"131","ctx-lh-fusiform","RHOV",0.393218380370763,"No"
"132","ctx-lh-fusiform","INO80E",0.477493886708668,"Yes"
"133","ctx-lh-inferiorparietal","ALDOA",0.414676389891842,"Yes"
"134","ctx-lh-inferiorparietal","SFN",0.473501091028866,"No"
"135","ctx-lh-inferiorparietal","KIF22",0.434262877836329,"Yes"
"136","ctx-lh-inferiorparietal","MAZ",0.555986478650484,"Yes"
"137","ctx-lh-inferiorparietal","PPP4C",0.453424534563106,"Yes"
"138","ctx-lh-inferiorparietal","MAPK3",0.474649070864099,"Yes"
"139","ctx-lh-inferiorparietal","MAP4K2",0.511069311596251,"No"
"140","ctx-lh-inferiorparietal","RPL12",0.422105902741879,"No"
"141","ctx-lh-inferiorparietal","TAOK2",0.485647089265249,"Yes"
"142","ctx-lh-inferiorparietal","CDIPT",0.449569280206461,"Yes"
"143","ctx-lh-inferiorparietal","FTCD",0.509067979814798,"No"
"144","ctx-lh-inferiorparietal","DNAH1",0.528755525998674,"No"
"145","ctx-lh-inferiorparietal","LGALS14",0.46628388180292,"No"
"146","ctx-lh-inferiorparietal","CARNS1",0.439549473138501,"No"
"147","ctx-lh-inferiorparietal","PAGR1",0.516013862825413,"No"
"148","ctx-lh-inferiorparietal","TRAF3IP3",0.394978764971478,"No"
"149","ctx-lh-inferiorparietal","PMFBP1",0.464321522680816,"No"
"150","ctx-lh-inferiorparietal","OR6W1P",0.509137496868769,"No"
"151","ctx-lh-inferiorparietal","TMEM219",0.468168243487282,"Yes"
"152","ctx-lh-inferiorparietal","ACTL10",0.533831256500032,"No"
"153","ctx-lh-inferiorparietal","RHOV",0.439943280195547,"No"
"154","ctx-lh-inferiorparietal","INO80E",0.523098293412746,"Yes"
"155","ctx-lh-inferiortemporal","ALDOA",0.545304712165557,"Yes"
"156","ctx-lh-inferiortemporal","SFN",0.513592514414591,"No"
"157","ctx-lh-inferiortemporal","KIF22",0.471153269698277,"Yes"
"158","ctx-lh-inferiortemporal","MAZ",0.501654590123358,"Yes"
"159","ctx-lh-inferiortemporal","PPP4C",0.518515408157308,"Yes"
"160","ctx-lh-inferiortemporal","MAPK3",0.594571060946136,"Yes"
"161","ctx-lh-inferiortemporal","MAP4K2",0.412845726972746,"No"
"162","ctx-lh-inferiortemporal","RPL12",0.5332619293434,"No"
"163","ctx-lh-inferiortemporal","TAOK2",0.53011605900227,"Yes"
"164","ctx-lh-inferiortemporal","CDIPT",0.56378951137686,"Yes"
"165","ctx-lh-inferiortemporal","FTCD",0.588129898504153,"No"
"166","ctx-lh-inferiortemporal","DNAH1",0.487125300107853,"No"
"167","ctx-lh-inferiortemporal","LGALS14",0.483659819689528,"No"
"168","ctx-lh-inferiortemporal","CARNS1",0.471887842920478,"No"
"169","ctx-lh-inferiortemporal","PAGR1",0.477736905737775,"No"
"170","ctx-lh-inferiortemporal","TRAF3IP3",0.538742732836413,"No"
"171","ctx-lh-inferiortemporal","PMFBP1",0.425113802386785,"No"
"172","ctx-lh-inferiortemporal","OR6W1P",0.50471464042797,"No"
"173","ctx-lh-inferiortemporal","TMEM219",0.518828701499226,"Yes"
"174","ctx-lh-inferiortemporal","ACTL10",0.486030233293844,"No"
"175","ctx-lh-inferiortemporal","RHOV",0.368886468231908,"No"
"176","ctx-lh-inferiortemporal","INO80E",0.474289332172255,"Yes"
"177","ctx-lh-isthmuscingulate","ALDOA",0.468919300422529,"Yes"
"178","ctx-lh-isthmuscingulate","SFN",0.624874201362067,"No"
"179","ctx-lh-isthmuscingulate","KIF22",0.394749156590623,"Yes"
"180","ctx-lh-isthmuscingulate","MAZ",0.51100911462063,"Yes"
"181","ctx-lh-isthmuscingulate","PPP4C",0.533840102255477,"Yes"
"182","ctx-lh-isthmuscingulate","MAPK3",0.502808978717305,"Yes"
"183","ctx-lh-isthmuscingulate","MAP4K2",0.486315978832402,"No"
"184","ctx-lh-isthmuscingulate","RPL12",0.537842697103905,"No"
"185","ctx-lh-isthmuscingulate","TAOK2",0.625940085155226,"Yes"
"186","ctx-lh-isthmuscingulate","CDIPT",0.370693743609701,"Yes"
"187","ctx-lh-isthmuscingulate","FTCD",0.355764925270864,"No"
"188","ctx-lh-isthmuscingulate","DNAH1",0.48587021705587,"No"
"189","ctx-lh-isthmuscingulate","LGALS14",0.506150309643813,"No"
"190","ctx-lh-isthmuscingulate","CARNS1",0.47107836035655,"No"
"191","ctx-lh-isthmuscingulate","PAGR1",0.506154669668312,"No"
"192","ctx-lh-isthmuscingulate","TRAF3IP3",0.412994384396364,"No"
"193","ctx-lh-isthmuscingulate","PMFBP1",0.510904799438054,"No"
"194","ctx-lh-isthmuscingulate","OR6W1P",0.553029309502247,"No"
"195","ctx-lh-isthmuscingulate","TMEM219",0.464643598434718,"Yes"
"196","ctx-lh-isthmuscingulate","ACTL10",0.417255844963034,"No"
"197","ctx-lh-isthmuscingulate","RHOV",0.41724799099636,"No"
"198","ctx-lh-isthmuscingulate","INO80E",0.521523647401874,"Yes"
"199","ctx-lh-lateraloccipital","ALDOA",0.434032536257858,"Yes"
"200","ctx-lh-lateraloccipital","SFN",0.461698012295457,"No"
"201","ctx-lh-lateraloccipital","KIF22",0.455226793134637,"Yes"
"202","ctx-lh-lateraloccipital","MAZ",0.544737934333293,"Yes"
"203","ctx-lh-lateraloccipital","PPP4C",0.49088221317219,"Yes"
"204","ctx-lh-lateraloccipital","MAPK3",0.243122047874636,"Yes"
"205","ctx-lh-lateraloccipital","MAP4K2",0.698191115331889,"No"
"206","ctx-lh-lateraloccipital","RPL12",0.346601420863286,"No"
"207","ctx-lh-lateraloccipital","TAOK2",0.452061263874877,"Yes"
"208","ctx-lh-lateraloccipital","CDIPT",0.400159032633083,"Yes"
"209","ctx-lh-lateraloccipital","FTCD",0.428538191156973,"No"
"210","ctx-lh-lateraloccipital","DNAH1",0.658042524342337,"No"
"211","ctx-lh-lateraloccipital","LGALS14",0.499768350952021,"No"
"212","ctx-lh-lateraloccipital","CARNS1",0.47226253529083,"No"
"213","ctx-lh-lateraloccipital","PAGR1",0.660569526092084,"No"
"214","ctx-lh-lateraloccipital","TRAF3IP3",0.375178876850496,"No"
"215","ctx-lh-lateraloccipital","PMFBP1",0.584400314998359,"No"
"216","ctx-lh-lateraloccipital","OR6W1P",0.498825647836659,"No"
"217","ctx-lh-lateraloccipital","TMEM219",0.391860568850475,"Yes"
"218","ctx-lh-lateraloccipital","ACTL10",0.467827046524841,"No"
"219","ctx-lh-lateraloccipital","RHOV",0.586814261933788,"No"
"220","ctx-lh-lateraloccipital","INO80E",0.614234914692748,"Yes"
"221","ctx-lh-lateralorbitofrontal","ALDOA",0.595498590293478,"Yes"
"222","ctx-lh-lateralorbitofrontal","SFN",0.514751861962919,"No"
"223","ctx-lh-lateralorbitofrontal","KIF22",0.655261528177636,"Yes"
"224","ctx-lh-lateralorbitofrontal","MAZ",0.529808660628704,"Yes"
"225","ctx-lh-lateralorbitofrontal","PPP4C",0.485701255683919,"Yes"
"226","ctx-lh-lateralorbitofrontal","MAPK3",0.510772639523131,"Yes"
"227","ctx-lh-lateralorbitofrontal","MAP4K2",0.51301941783112,"No"
"228","ctx-lh-lateralorbitofrontal","RPL12",0.57299122652772,"No"
"229","ctx-lh-lateralorbitofrontal","TAOK2",0.424266755250797,"Yes"
"230","ctx-lh-lateralorbitofrontal","CDIPT",0.639848965494311,"Yes"
"231","ctx-lh-lateralorbitofrontal","FTCD",0.569178059857381,"No"
"232","ctx-lh-lateralorbitofrontal","DNAH1",0.609742781842918,"No"
"233","ctx-lh-lateralorbitofrontal","LGALS14",0.434076747093358,"No"
"234","ctx-lh-lateralorbitofrontal","CARNS1",0.534730092227543,"No"
"235","ctx-lh-lateralorbitofrontal","PAGR1",0.481784265009865,"No"
"236","ctx-lh-lateralorbitofrontal","TRAF3IP3",0.543134565519012,"No"
"237","ctx-lh-lateralorbitofrontal","PMFBP1",0.454256027661988,"No"
"238","ctx-lh-lateralorbitofrontal","OR6W1P",0.481359350857042,"No"
"239","ctx-lh-lateralorbitofrontal","TMEM219",0.522216235620739,"Yes"
"240","ctx-lh-lateralorbitofrontal","ACTL10",0.488165677720271,"No"
"241","ctx-lh-lateralorbitofrontal","RHOV",0.522796140310936,"No"
"242","ctx-lh-lateralorbitofrontal","INO80E",0.52432900458385,"Yes"
"243","ctx-lh-lingual","ALDOA",0.296958552684856,"Yes"
"244","ctx-lh-lingual","SFN",0.584293249738779,"No"
"245","ctx-lh-lingual","KIF22",0.39789281103358,"Yes"
"246","ctx-lh-lingual","MAZ",0.459650687012823,"Yes"
"247","ctx-lh-lingual","PPP4C",0.518460662205206,"Yes"
"248","ctx-lh-lingual","MAPK3",0.209406667256913,"Yes"
"249","ctx-lh-lingual","MAP4K2",0.574701388380317,"No"
"250","ctx-lh-lingual","RPL12",0.274324868509947,"No"
"251","ctx-lh-lingual","TAOK2",0.584091631472717,"Yes"
"252","ctx-lh-lingual","CDIPT",0.350580101753497,"Yes"
"253","ctx-lh-lingual","FTCD",0.45726660868539,"No"
"254","ctx-lh-lingual","DNAH1",0.582093982720541,"No"
"255","ctx-lh-lingual","LGALS14",0.524488315488997,"No"
"256","ctx-lh-lingual","CARNS1",0.535636269563846,"No"
"257","ctx-lh-lingual","PAGR1",0.719744760468826,"No"
"258","ctx-lh-lingual","TRAF3IP3",0.320070794167082,"No"
"259","ctx-lh-lingual","PMFBP1",0.598041820072581,"No"
"260","ctx-lh-lingual","OR6W1P",0.521058565051032,"No"
"261","ctx-lh-lingual","TMEM219",0.285245603483573,"Yes"
"262","ctx-lh-lingual","ACTL10",0.473688327117398,"No"
"263","ctx-lh-lingual","RHOV",0.49334665498633,"No"
"264","ctx-lh-lingual","INO80E",0.646140437258503,"Yes"
"265","ctx-lh-medialorbitofrontal","ALDOA",0.594275419216696,"Yes"
"266","ctx-lh-medialorbitofrontal","SFN",0.446962785452979,"No"
"267","ctx-lh-medialorbitofrontal","KIF22",0.67632612636873,"Yes"
"268","ctx-lh-medialorbitofrontal","MAZ",0.594639785280737,"Yes"
"269","ctx-lh-medialorbitofrontal","PPP4C",0.512647008020784,"Yes"
"270","ctx-lh-medialorbitofrontal","MAPK3",0.668702392014853,"Yes"
"271","ctx-lh-medialorbitofrontal","MAP4K2",0.450566243379562,"No"
"272","ctx-lh-medialorbitofrontal","RPL12",0.718238811166346,"No"
"273","ctx-lh-medialorbitofrontal","TAOK2",0.442546978119686,"Yes"
"274","ctx-lh-medialorbitofrontal","CDIPT",0.574473990760216,"Yes"
"275","ctx-lh-medialorbitofrontal","FTCD",0.444434036854805,"No"
"276","ctx-lh-medialorbitofrontal","DNAH1",0.543878611642581,"No"
"277","ctx-lh-medialorbitofrontal","LGALS14",0.423775780593373,"No"
"278","ctx-lh-medialorbitofrontal","CARNS1",0.439661516069372,"No"
"279","ctx-lh-medialorbitofrontal","PAGR1",0.500291417872049,"No"
"280","ctx-lh-medialorbitofrontal","TRAF3IP3",0.621674234451816,"No"
"281","ctx-lh-medialorbitofrontal","PMFBP1",0.469126193505132,"No"
"282","ctx-lh-medialorbitofrontal","OR6W1P",0.441175028651557,"No"
"283","ctx-lh-medialorbitofrontal","TMEM219",0.603579026430639,"Yes"
"284","ctx-lh-medialorbitofrontal","ACTL10",0.504256241506416,"No"
"285","ctx-lh-medialorbitofrontal","RHOV",0.530010511362124,"No"
"286","ctx-lh-medialorbitofrontal","INO80E",0.462408466320292,"Yes"
"287","ctx-lh-middletemporal","ALDOA",0.533758937297747,"Yes"
"288","ctx-lh-middletemporal","SFN",0.504777385339052,"No"
"289","ctx-lh-middletemporal","KIF22",0.543551808309685,"Yes"
"290","ctx-lh-middletemporal","MAZ",0.489501723260786,"Yes"
"291","ctx-lh-middletemporal","PPP4C",0.502318933949625,"Yes"
"292","ctx-lh-middletemporal","MAPK3",0.591178579106193,"Yes"
"293","ctx-lh-middletemporal","MAP4K2",0.419124500108487,"No"
"294","ctx-lh-middletemporal","RPL12",0.608994908972733,"No"
"295","ctx-lh-middletemporal","TAOK2",0.528969259544165,"Yes"
"296","ctx-lh-middletemporal","CDIPT",0.597947986898856,"Yes"
"297","ctx-lh-middletemporal","FTCD",0.565575440677316,"No"
"298","ctx-lh-middletemporal","DNAH1",0.471633785487251,"No"
"299","ctx-lh-middletemporal","LGALS14",0.489944174139087,"No"
"300","ctx-lh-middletemporal","CARNS1",0.492449556485782,"No"
"301","ctx-lh-middletemporal","PAGR1",0.491429009876532,"No"
"302","ctx-lh-middletemporal","TRAF3IP3",0.558469895388959,"No"
"303","ctx-lh-middletemporal","PMFBP1",0.408526013638376,"No"
"304","ctx-lh-middletemporal","OR6W1P",0.509354564891673,"No"
"305","ctx-lh-middletemporal","TMEM219",0.540995947521932,"Yes"
"306","ctx-lh-middletemporal","ACTL10",0.525833615290858,"No"
"307","ctx-lh-middletemporal","RHOV",0.381697673224582,"No"
"308","ctx-lh-middletemporal","INO80E",0.474588389100955,"Yes"
"309","ctx-lh-parahippocampal","ALDOA",0.628330471074355,"Yes"
"310","ctx-lh-parahippocampal","SFN",0.532371779386312,"No"
"311","ctx-lh-parahippocampal","KIF22",0.647638262476586,"Yes"
"312","ctx-lh-parahippocampal","MAZ",0.647364515589293,"Yes"
"313","ctx-lh-parahippocampal","PPP4C",0.592335425119918,"Yes"
"314","ctx-lh-parahippocampal","MAPK3",0.688961535368863,"Yes"
"315","ctx-lh-parahippocampal","MAP4K2",0.438621773158539,"No"
"316","ctx-lh-parahippocampal","RPL12",0.687377924117325,"No"
"317","ctx-lh-parahippocampal","TAOK2",0.551734838405384,"Yes"
"318","ctx-lh-parahippocampal","CDIPT",0.383710279730922,"Yes"
"319","ctx-lh-parahippocampal","FTCD",0.40434327482858,"No"
"320","ctx-lh-parahippocampal","DNAH1",0.478871346332831,"No"
"321","ctx-lh-parahippocampal","LGALS14",0.556807044815978,"No"
"322","ctx-lh-parahippocampal","CARNS1",0.433826319066361,"No"
"323","ctx-lh-parahippocampal","PAGR1",0.435082544215198,"No"
"324","ctx-lh-parahippocampal","TRAF3IP3",0.593560932196373,"No"
"325","ctx-lh-parahippocampal","PMFBP1",0.501153684746117,"No"
"326","ctx-lh-parahippocampal","OR6W1P",0.591359363476148,"No"
"327","ctx-lh-parahippocampal","TMEM219",0.541893857331489,"Yes"
"328","ctx-lh-parahippocampal","ACTL10",0.473416224725581,"No"
"329","ctx-lh-parahippocampal","RHOV",0.534151841151649,"No"
"330","ctx-lh-parahippocampal","INO80E",0.543252828389231,"Yes"
"331","ctx-lh-paracentral","ALDOA",0.528517347480599,"Yes"
"332","ctx-lh-paracentral","SFN",0.549212761825564,"No"
"333","ctx-lh-paracentral","KIF22",0.353767678370058,"Yes"
"334","ctx-lh-paracentral","MAZ",0.425690231326113,"Yes"
"335","ctx-lh-paracentral","PPP4C",0.536324260144031,"Yes"
"336","ctx-lh-paracentral","MAPK3",0.405681469658447,"Yes"
"337","ctx-lh-paracentral","MAP4K2",0.60463814821415,"No"
"338","ctx-lh-paracentral","RPL12",0.375856414953037,"No"
"339","ctx-lh-paracentral","TAOK2",0.499753166815308,"Yes"
"340","ctx-lh-paracentral","CDIPT",0.552202792867129,"Yes"
"341","ctx-lh-paracentral","FTCD",0.412453831650563,"No"
"342","ctx-lh-paracentral","DNAH1",0.540483325795652,"No"
"343","ctx-lh-paracentral","LGALS14",0.481571692671004,"No"
"344","ctx-lh-paracentral","CARNS1",0.597388598992128,"No"
"345","ctx-lh-paracentral","PAGR1",0.49063346880922,"No"
"346","ctx-lh-paracentral","TRAF3IP3",0.429417562170881,"No"
"347","ctx-lh-paracentral","PMFBP1",0.471967093763395,"No"
"348","ctx-lh-paracentral","OR6W1P",0.474185173421587,"No"
"349","ctx-lh-paracentral","TMEM219",0.486224456600994,"Yes"
"350","ctx-lh-paracentral","ACTL10",0.534741943142822,"No"
"351","ctx-lh-paracentral","RHOV",0.685492412590698,"No"
"352","ctx-lh-paracentral","INO80E",0.454717605618405,"Yes"
"353","ctx-lh-parsopercularis","ALDOA",0.55192472499536,"Yes"
"354","ctx-lh-parsopercularis","SFN",0.539649731222971,"No"
"355","ctx-lh-parsopercularis","KIF22",0.490374093336521,"Yes"
"356","ctx-lh-parsopercularis","MAZ",0.452334819549707,"Yes"
"357","ctx-lh-parsopercularis","PPP4C",0.521541126839315,"Yes"
"358","ctx-lh-parsopercularis","MAPK3",0.476323034145444,"Yes"
"359","ctx-lh-parsopercularis","MAP4K2",0.469892652910608,"No"
"360","ctx-lh-parsopercularis","RPL12",0.542606964706371,"No"
"361","ctx-lh-parsopercularis","TAOK2",0.551602336838257,"Yes"
"362","ctx-lh-parsopercularis","CDIPT",0.584805418836306,"Yes"
"363","ctx-lh-parsopercularis","FTCD",0.487059484157531,"No"
"364","ctx-lh-parsopercularis","DNAH1",0.471410362020259,"No"
"365","ctx-lh-parsopercularis","LGALS14",0.474004499334688,"No"
"366","ctx-lh-parsopercularis","CARNS1",0.511299997956505,"No"
"367","ctx-lh-parsopercularis","PAGR1",0.58022131508907,"No"
"368","ctx-lh-parsopercularis","TRAF3IP3",0.570167999537776,"No"
"369","ctx-lh-parsopercularis","PMFBP1",0.468313208066906,"No"
"370","ctx-lh-parsopercularis","OR6W1P",0.479667068382686,"No"
"371","ctx-lh-parsopercularis","TMEM219",0.451271834756241,"Yes"
"372","ctx-lh-parsopercularis","ACTL10",0.505267616722805,"No"
"373","ctx-lh-parsopercularis","RHOV",0.53280908426455,"No"
"374","ctx-lh-parsopercularis","INO80E",0.431425155592429,"Yes"
"375","ctx-lh-parsorbitalis","ALDOA",0.468429794521871,"Yes"
"376","ctx-lh-parsorbitalis","SFN",0.500893258866377,"No"
"377","ctx-lh-parsorbitalis","KIF22",0.476706016543639,"Yes"
"378","ctx-lh-parsorbitalis","MAZ",0.505704974022855,"Yes"
"379","ctx-lh-parsorbitalis","PPP4C",0.409700373585357,"Yes"
"380","ctx-lh-parsorbitalis","MAPK3",0.479275067666694,"Yes"
"381","ctx-lh-parsorbitalis","MAP4K2",0.326686760733333,"No"
"382","ctx-lh-parsorbitalis","RPL12",0.570968069956159,"No"
"383","ctx-lh-parsorbitalis","TAOK2",0.520908704567179,"Yes"
"384","ctx-lh-parsorbitalis","CDIPT",0.593417929498863,"Yes"
"385","ctx-lh-parsorbitalis","FTCD",0.587094242857895,"No"
"386","ctx-lh-parsorbitalis","DNAH1",0.428535754220809,"No"
"387","ctx-lh-parsorbitalis","LGALS14",0.512125698052914,"No"
"388","ctx-lh-parsorbitalis","CARNS1",0.53463859359536,"No"
"389","ctx-lh-parsorbitalis","PAGR1",0.572243371550044,"No"
"390","ctx-lh-parsorbitalis","TRAF3IP3",0.434880168269725,"No"
"391","ctx-lh-parsorbitalis","PMFBP1",0.458207812733007,"No"
"392","ctx-lh-parsorbitalis","OR6W1P",0.571594228808214,"No"
"393","ctx-lh-parsorbitalis","TMEM219",0.379581506748891,"Yes"
"394","ctx-lh-parsorbitalis","ACTL10",0.546865232760891,"No"
"395","ctx-lh-parsorbitalis","RHOV",0.532263702276942,"No"
"396","ctx-lh-parsorbitalis","INO80E",0.425159375344268,"Yes"
"397","ctx-lh-parstriangularis","ALDOA",0.580333405340864,"Yes"
"398","ctx-lh-parstriangularis","SFN",0.547128735753946,"No"
"399","ctx-lh-parstriangularis","KIF22",0.557682801098022,"Yes"
"400","ctx-lh-parstriangularis","MAZ",0.413052086887472,"Yes"
"401","ctx-lh-parstriangularis","PPP4C",0.525440202276276,"Yes"
"402","ctx-lh-parstriangularis","MAPK3",0.420061510544521,"Yes"
"403","ctx-lh-parstriangularis","MAP4K2",0.487668959608591,"No"
"404","ctx-lh-parstriangularis","RPL12",0.464369604049244,"No"
"405","ctx-lh-parstriangularis","TAOK2",0.538696349261382,"Yes"
"406","ctx-lh-parstriangularis","CDIPT",0.640868410095085,"Yes"
"407","ctx-lh-parstriangularis","FTCD",0.607984140457821,"No"
"408","ctx-lh-parstriangularis","DNAH1",0.563877897125478,"No"
"409","ctx-lh-parstriangularis","LGALS14",0.515269549197667,"No"
"410","ctx-lh-parstriangularis","CARNS1",0.566365761749857,"No"
"411","ctx-lh-parstriangularis","PAGR1",0.559694211746272,"No"
"412","ctx-lh-parstriangularis","TRAF3IP3",0.506630757066133,"No"
"413","ctx-lh-parstriangularis","PMFBP1",0.448927942934091,"No"
"414","ctx-lh-parstriangularis","OR6W1P",0.51856618856138,"No"
"415","ctx-lh-parstriangularis","TMEM219",0.518145244674979,"Yes"
"416","ctx-lh-parstriangularis","ACTL10",0.583907214726869,"No"
"417","ctx-lh-parstriangularis","RHOV",0.556965273957265,"No"
"418","ctx-lh-parstriangularis","INO80E",0.524466461520916,"Yes"
"419","ctx-lh-pericalcarine","ALDOA",0.282365808429469,"Yes"
"420","ctx-lh-pericalcarine","SFN",0.537502248849072,"No"
"421","ctx-lh-pericalcarine","KIF22",0.514530059173693,"Yes"
"422","ctx-lh-pericalcarine","MAZ",0.409333113840968,"Yes"
"423","ctx-lh-pericalcarine","PPP4C",0.546952925118862,"Yes"
"424","ctx-lh-pericalcarine","MAPK3",0.0896857936478508,"Yes"
"425","ctx-lh-pericalcarine","MAP4K2",0.655975186727618,"No"
"426","ctx-lh-pericalcarine","RPL12",0.279819302053157,"No"
"427","ctx-lh-pericalcarine","TAOK2",0.548327702736786,"Yes"
"428","ctx-lh-pericalcarine","CDIPT",0.349091685949458,"Yes"
"429","ctx-lh-pericalcarine","FTCD",0.32189160771657,"No"
"430","ctx-lh-pericalcarine","DNAH1",0.622238603262259,"No"
"431","ctx-lh-pericalcarine","LGALS14",0.592107007138979,"No"
"432","ctx-lh-pericalcarine","CARNS1",0.379653011982992,"No"
"433","ctx-lh-pericalcarine","PAGR1",0.792705384074728,"No"
"434","ctx-lh-pericalcarine","TRAF3IP3",0.260753630992341,"No"
"435","ctx-lh-pericalcarine","PMFBP1",0.734107194867975,"No"
"436","ctx-lh-pericalcarine","OR6W1P",0.615232543189058,"No"
"437","ctx-lh-pericalcarine","TMEM219",0.255236316790221,"Yes"
"438","ctx-lh-pericalcarine","ACTL10",0.500693716395458,"No"
"439","ctx-lh-pericalcarine","RHOV",0.818670457342764,"No"
"440","ctx-lh-pericalcarine","INO80E",0.790313814412053,"Yes"
"441","ctx-lh-postcentral","ALDOA",0.502415986196385,"Yes"
"442","ctx-lh-postcentral","SFN",0.485106691708713,"No"
"443","ctx-lh-postcentral","KIF22",0.389094276251266,"Yes"
"444","ctx-lh-postcentral","MAZ",0.30207825406106,"Yes"
"445","ctx-lh-postcentral","PPP4C",0.488797040751082,"Yes"
"446","ctx-lh-postcentral","MAPK3",0.286390942516294,"Yes"
"447","ctx-lh-postcentral","MAP4K2",0.525376498676308,"No"
"448","ctx-lh-postcentral","RPL12",0.464482326528114,"No"
"449","ctx-lh-postcentral","TAOK2",0.528611458404887,"Yes"
"450","ctx-lh-postcentral","CDIPT",0.459356939818941,"Yes"
"451","ctx-lh-postcentral","FTCD",0.412326589228409,"No"
"452","ctx-lh-postcentral","DNAH1",0.527336703553495,"No"
"453","ctx-lh-postcentral","LGALS14",0.544762953499039,"No"
"454","ctx-lh-postcentral","CARNS1",0.598288079607411,"No"
"455","ctx-lh-postcentral","PAGR1",0.571720423505316,"No"
"456","ctx-lh-postcentral","TRAF3IP3",0.543587859371923,"No"
"457","ctx-lh-postcentral","PMFBP1",0.491398876109752,"No"
"458","ctx-lh-postcentral","OR6W1P",0.510072548205713,"No"
"459","ctx-lh-postcentral","TMEM219",0.486310295117367,"Yes"
"460","ctx-lh-postcentral","ACTL10",0.46845043509946,"No"
"461","ctx-lh-postcentral","RHOV",0.56442962950788,"No"
"462","ctx-lh-postcentral","INO80E",0.47825243524187,"Yes"
"463","ctx-lh-posteriorcingulate","ALDOA",0.537838424904922,"Yes"
"464","ctx-lh-posteriorcingulate","SFN",0.576681464497004,"No"
"465","ctx-lh-posteriorcingulate","KIF22",0.40203631746456,"Yes"
"466","ctx-lh-posteriorcingulate","MAZ",0.496922825557505,"Yes"
"467","ctx-lh-posteriorcingulate","PPP4C",0.520676147585501,"Yes"
"468","ctx-lh-posteriorcingulate","MAPK3",0.527491175635835,"Yes"
"469","ctx-lh-posteriorcingulate","MAP4K2",0.415524315000301,"No"
"470","ctx-lh-posteriorcingulate","RPL12",0.520622483852199,"No"
"471","ctx-lh-posteriorcingulate","TAOK2",0.596283737331969,"Yes"
"472","ctx-lh-posteriorcingulate","CDIPT",0.425620212817392,"Yes"
"473","ctx-lh-posteriorcingulate","FTCD",0.463699955418828,"No"
"474","ctx-lh-posteriorcingulate","DNAH1",0.407778811657887,"No"
"475","ctx-lh-posteriorcingulate","LGALS14",0.584572588500158,"No"
"476","ctx-lh-posteriorcingulate","CARNS1",0.48503809409376,"No"
"477","ctx-lh-posteriorcingulate","PAGR1",0.513190356112134,"No"
"478","ctx-lh-posteriorcingulate","TRAF3IP3",0.40594673582195,"No"
"479","ctx-lh-posteriorcingulate","PMFBP1",0.401334648639789,"No"
"480","ctx-lh-posteriorcingulate","OR6W1P",0.594779343626773,"No"
"481","ctx-lh-posteriorcingulate","TMEM219",0.440933888978606,"Yes"
"482","ctx-lh-posteriorcingulate","ACTL10",0.439485491091744,"No"
"483","ctx-lh-posteriorcingulate","RHOV",0.495573291358734,"No"
"484","ctx-lh-posteriorcingulate","INO80E",0.391395578763179,"Yes"
"485","ctx-lh-precentral","ALDOA",0.560792097577566,"Yes"
"486","ctx-lh-precentral","SFN",0.4802115909549,"No"
"487","ctx-lh-precentral","KIF22",0.387465204163669,"Yes"
"488","ctx-lh-precentral","MAZ",0.418605224092909,"Yes"
"489","ctx-lh-precentral","PPP4C",0.461081808895721,"Yes"
"490","ctx-lh-precentral","MAPK3",0.34584504012195,"Yes"
"491","ctx-lh-precentral","MAP4K2",0.616234591840894,"No"
"492","ctx-lh-precentral","RPL12",0.402086109211826,"No"
"493","ctx-lh-precentral","TAOK2",0.543228421616849,"Yes"
"494","ctx-lh-precentral","CDIPT",0.542886915133162,"Yes"
"495","ctx-lh-precentral","FTCD",0.417156921426099,"No"
"496","ctx-lh-precentral","DNAH1",0.482203486951443,"No"
"497","ctx-lh-precentral","LGALS14",0.532746754272322,"No"
"498","ctx-lh-precentral","CARNS1",0.618757988831311,"No"
"499","ctx-lh-precentral","PAGR1",0.504297682921164,"No"
"500","ctx-lh-precentral","TRAF3IP3",0.480507985786061,"No"
"501","ctx-lh-precentral","PMFBP1",0.521383472500288,"No"
"502","ctx-lh-precentral","OR6W1P",0.498533028893026,"No"
"503","ctx-lh-precentral","TMEM219",0.481378465118563,"Yes"
"504","ctx-lh-precentral","ACTL10",0.539022929384684,"No"
"505","ctx-lh-precentral","RHOV",0.575725156595925,"No"
"506","ctx-lh-precentral","INO80E",0.508429977716915,"Yes"
"507","ctx-lh-precuneus","ALDOA",0.436026822894884,"Yes"
"508","ctx-lh-precuneus","SFN",0.485392361845674,"No"
"509","ctx-lh-precuneus","KIF22",0.447675621109567,"Yes"
"510","ctx-lh-precuneus","MAZ",0.507126886009791,"Yes"
"511","ctx-lh-precuneus","PPP4C",0.445748776283703,"Yes"
"512","ctx-lh-precuneus","MAPK3",0.402741993530037,"Yes"
"513","ctx-lh-precuneus","MAP4K2",0.566788387272321,"No"
"514","ctx-lh-precuneus","RPL12",0.354634839556717,"No"
"515","ctx-lh-precuneus","TAOK2",0.493546585359629,"Yes"
"516","ctx-lh-precuneus","CDIPT",0.539519858998149,"Yes"
"517","ctx-lh-precuneus","FTCD",0.597828468736321,"No"
"518","ctx-lh-precuneus","DNAH1",0.601068219386498,"No"
"519","ctx-lh-precuneus","LGALS14",0.432351845372292,"No"
"520","ctx-lh-precuneus","CARNS1",0.519671152018342,"No"
"521","ctx-lh-precuneus","PAGR1",0.529820836730394,"No"
"522","ctx-lh-precuneus","TRAF3IP3",0.340201309962304,"No"
"523","ctx-lh-precuneus","PMFBP1",0.526623703074344,"No"
"524","ctx-lh-precuneus","OR6W1P",0.451885550529798,"No"
"525","ctx-lh-precuneus","TMEM219",0.468368876165771,"Yes"
"526","ctx-lh-precuneus","ACTL10",0.488205343236135,"No"
"527","ctx-lh-precuneus","RHOV",0.504111970045763,"No"
"528","ctx-lh-precuneus","INO80E",0.604840160925138,"Yes"
"529","ctx-lh-rostralanteriorcingulate","ALDOA",0.617273052570029,"Yes"
"530","ctx-lh-rostralanteriorcingulate","SFN",0.536126834000458,"No"
"531","ctx-lh-rostralanteriorcingulate","KIF22",0.607879768941591,"Yes"
"532","ctx-lh-rostralanteriorcingulate","MAZ",0.696884785973249,"Yes"
"533","ctx-lh-rostralanteriorcingulate","PPP4C",0.476722385957873,"Yes"
"534","ctx-lh-rostralanteriorcingulate","MAPK3",0.793010113675696,"Yes"
"535","ctx-lh-rostralanteriorcingulate","MAP4K2",0.283419711819251,"No"
"536","ctx-lh-rostralanteriorcingulate","RPL12",0.777820331771671,"No"
"537","ctx-lh-rostralanteriorcingulate","TAOK2",0.512825889027009,"Yes"
"538","ctx-lh-rostralanteriorcingulate","CDIPT",0.491968207931817,"Yes"
"539","ctx-lh-rostralanteriorcingulate","FTCD",0.320050681213638,"No"
"540","ctx-lh-rostralanteriorcingulate","DNAH1",0.373874629513903,"No"
"541","ctx-lh-rostralanteriorcingulate","LGALS14",0.492426984104449,"No"
"542","ctx-lh-rostralanteriorcingulate","CARNS1",0.38611929949491,"No"
"543","ctx-lh-rostralanteriorcingulate","PAGR1",0.535881995068394,"No"
"544","ctx-lh-rostralanteriorcingulate","TRAF3IP3",0.503120803588888,"No"
"545","ctx-lh-rostralanteriorcingulate","PMFBP1",0.386161580486085,"No"
"546","ctx-lh-rostralanteriorcingulate","OR6W1P",0.523919341852847,"No"
"547","ctx-lh-rostralanteriorcingulate","TMEM219",0.532193250672637,"Yes"
"548","ctx-lh-rostralanteriorcingulate","ACTL10",0.427249961757385,"No"
"549","ctx-lh-rostralanteriorcingulate","RHOV",0.475171510458475,"No"
"550","ctx-lh-rostralanteriorcingulate","INO80E",0.461386967374444,"Yes"
"551","ctx-lh-rostralmiddlefrontal","ALDOA",0.561964341011657,"Yes"
"552","ctx-lh-rostralmiddlefrontal","SFN",0.445998715169843,"No"
"553","ctx-lh-rostralmiddlefrontal","KIF22",0.557111588104621,"Yes"
"554","ctx-lh-rostralmiddlefrontal","MAZ",0.533090734560308,"Yes"
"555","ctx-lh-rostralmiddlefrontal","PPP4C",0.43598579533635,"Yes"
"556","ctx-lh-rostralmiddlefrontal","MAPK3",0.493529554141162,"Yes"
"557","ctx-lh-rostralmiddlefrontal","MAP4K2",0.52110722044691,"No"
"558","ctx-lh-rostralmiddlefrontal","RPL12",0.517918109144731,"No"
"559","ctx-lh-rostralmiddlefrontal","TAOK2",0.434708677183849,"Yes"
"560","ctx-lh-rostralmiddlefrontal","CDIPT",0.645763045743764,"Yes"
"561","ctx-lh-rostralmiddlefrontal","FTCD",0.56675719915235,"No"
"562","ctx-lh-rostralmiddlefrontal","DNAH1",0.579346498684937,"No"
"563","ctx-lh-rostralmiddlefrontal","LGALS14",0.470364725255907,"No"
"564","ctx-lh-rostralmiddlefrontal","CARNS1",0.540000175135374,"No"
"565","ctx-lh-rostralmiddlefrontal","PAGR1",0.491159702264134,"No"
"566","ctx-lh-rostralmiddlefrontal","TRAF3IP3",0.473972757716892,"No"
"567","ctx-lh-rostralmiddlefrontal","PMFBP1",0.506995031067433,"No"
"568","ctx-lh-rostralmiddlefrontal","OR6W1P",0.471157477956279,"No"
"569","ctx-lh-rostralmiddlefrontal","TMEM219",0.550845100892924,"Yes"
"570","ctx-lh-rostralmiddlefrontal","ACTL10",0.534490226700259,"No"
"571","ctx-lh-rostralmiddlefrontal","RHOV",0.610816315394886,"No"
"572","ctx-lh-rostralmiddlefrontal","INO80E",0.523946645514641,"Yes"
"573","ctx-lh-superiorfrontal","ALDOA",0.581811397853018,"Yes"
"574","ctx-lh-superiorfrontal","SFN",0.45634402156205,"No"
"575","ctx-lh-superiorfrontal","KIF22",0.471999056902948,"Yes"
"576","ctx-lh-superiorfrontal","MAZ",0.542050359407593,"Yes"
"577","ctx-lh-superiorfrontal","PPP4C",0.439647247087161,"Yes"
"578","ctx-lh-superiorfrontal","MAPK3",0.529459126378726,"Yes"
"579","ctx-lh-superiorfrontal","MAP4K2",0.569509891266682,"No"
"580","ctx-lh-superiorfrontal","RPL12",0.505711554930796,"No"
"581","ctx-lh-superiorfrontal","TAOK2",0.476854688326973,"Yes"
"582","ctx-lh-superiorfrontal","CDIPT",0.618672579460375,"Yes"
"583","ctx-lh-superiorfrontal","FTCD",0.493593846237422,"No"
"584","ctx-lh-superiorfrontal","DNAH1",0.464409682580077,"No"
"585","ctx-lh-superiorfrontal","LGALS14",0.456407892619788,"No"
"586","ctx-lh-superiorfrontal","CARNS1",0.531443206872577,"No"
"587","ctx-lh-superiorfrontal","PAGR1",0.4280688390358,"No"
"588","ctx-lh-superiorfrontal","TRAF3IP3",0.477640842949552,"No"
"589","ctx-lh-superiorfrontal","PMFBP1",0.433646520040411,"No"
"590","ctx-lh-superiorfrontal","OR6W1P",0.475526141789948,"No"
"591","ctx-lh-superiorfrontal","TMEM219",0.523202701127349,"Yes"
"592","ctx-lh-superiorfrontal","ACTL10",0.497773430635117,"No"
"593","ctx-lh-superiorfrontal","RHOV",0.576391067237852,"No"
"594","ctx-lh-superiorfrontal","INO80E",0.486532313486206,"Yes"
"595","ctx-lh-superiorparietal","ALDOA",0.427746204616804,"Yes"
"596","ctx-lh-superiorparietal","SFN",0.460395791157151,"No"
"597","ctx-lh-superiorparietal","KIF22",0.418479211660636,"Yes"
"598","ctx-lh-superiorparietal","MAZ",0.474422024832635,"Yes"
"599","ctx-lh-superiorparietal","PPP4C",0.464325484312261,"Yes"
"600","ctx-lh-superiorparietal","MAPK3",0.40361353709996,"Yes"
"601","ctx-lh-superiorparietal","MAP4K2",0.584166545260958,"No"
"602","ctx-lh-superiorparietal","RPL12",0.349583542761807,"No"
"603","ctx-lh-superiorparietal","TAOK2",0.481652035483426,"Yes"
"604","ctx-lh-superiorparietal","CDIPT",0.472646723163035,"Yes"
"605","ctx-lh-superiorparietal","FTCD",0.552962627255139,"No"
"606","ctx-lh-superiorparietal","DNAH1",0.561205647918595,"No"
"607","ctx-lh-superiorparietal","LGALS14",0.460550463167796,"No"
"608","ctx-lh-superiorparietal","CARNS1",0.453278476112237,"No"
"609","ctx-lh-superiorparietal","PAGR1",0.560110116979501,"No"
"610","ctx-lh-superiorparietal","TRAF3IP3",0.44242734259661,"No"
"611","ctx-lh-superiorparietal","PMFBP1",0.438133061879579,"No"
"612","ctx-lh-superiorparietal","OR6W1P",0.491728404907855,"No"
"613","ctx-lh-superiorparietal","TMEM219",0.468137532338206,"Yes"
"614","ctx-lh-superiorparietal","ACTL10",0.523842860391516,"No"
"615","ctx-lh-superiorparietal","RHOV",0.500773765583013,"No"
"616","ctx-lh-superiorparietal","INO80E",0.550958454114488,"Yes"
"617","ctx-lh-superiortemporal","ALDOA",0.546369027253147,"Yes"
"618","ctx-lh-superiortemporal","SFN",0.429372185531792,"No"
"619","ctx-lh-superiortemporal","KIF22",0.526551417889056,"Yes"
"620","ctx-lh-superiortemporal","MAZ",0.501844685815723,"Yes"
"621","ctx-lh-superiortemporal","PPP4C",0.432829117265823,"Yes"
"622","ctx-lh-superiortemporal","MAPK3",0.549584825607211,"Yes"
"623","ctx-lh-superiortemporal","MAP4K2",0.415931998278289,"No"
"624","ctx-lh-superiortemporal","RPL12",0.551939562463811,"No"
"625","ctx-lh-superiortemporal","TAOK2",0.473885213395018,"Yes"
"626","ctx-lh-superiortemporal","CDIPT",0.510704163852786,"Yes"
"627","ctx-lh-superiortemporal","FTCD",0.518726126128701,"No"
"628","ctx-lh-superiortemporal","DNAH1",0.529691917546329,"No"
"629","ctx-lh-superiortemporal","LGALS14",0.479160472592755,"No"
"630","ctx-lh-superiortemporal","CARNS1",0.493600288002612,"No"
"631","ctx-lh-superiortemporal","PAGR1",0.499409900245533,"No"
"632","ctx-lh-superiortemporal","TRAF3IP3",0.507840069464893,"No"
"633","ctx-lh-superiortemporal","PMFBP1",0.474852066284535,"No"
"634","ctx-lh-superiortemporal","OR6W1P",0.489545850020548,"No"
"635","ctx-lh-superiortemporal","TMEM219",0.504718506244086,"Yes"
"636","ctx-lh-superiortemporal","ACTL10",0.491893290855391,"No"
"637","ctx-lh-superiortemporal","RHOV",0.476268586990115,"No"
"638","ctx-lh-superiortemporal","INO80E",0.43377975270485,"Yes"
"639","ctx-lh-supramarginal","ALDOA",0.582755721365395,"Yes"
"640","ctx-lh-supramarginal","SFN",0.415851260088553,"No"
"641","ctx-lh-supramarginal","KIF22",0.45120423000091,"Yes"
"642","ctx-lh-supramarginal","MAZ",0.51547228450349,"Yes"
"643","ctx-lh-supramarginal","PPP4C",0.465317878435554,"Yes"
"644","ctx-lh-supramarginal","MAPK3",0.544143719758027,"Yes"
"645","ctx-lh-supramarginal","MAP4K2",0.539870134822107,"No"
"646","ctx-lh-supramarginal","RPL12",0.513838788864196,"No"
"647","ctx-lh-supramarginal","TAOK2",0.510887412328929,"Yes"
"648","ctx-lh-supramarginal","CDIPT",0.528779957222853,"Yes"
"649","ctx-lh-supramarginal","FTCD",0.512043223413968,"No"
"650","ctx-lh-supramarginal","DNAH1",0.583653361219432,"No"
"651","ctx-lh-supramarginal","LGALS14",0.503226580206549,"No"
"652","ctx-lh-supramarginal","CARNS1",0.415052203122625,"No"
"653","ctx-lh-supramarginal","PAGR1",0.447440858559432,"No"
"654","ctx-lh-supramarginal","TRAF3IP3",0.530206769393857,"No"
"655","ctx-lh-supramarginal","PMFBP1",0.461879569839476,"No"
"656","ctx-lh-supramarginal","OR6W1P",0.45506209838363,"No"
"657","ctx-lh-supramarginal","TMEM219",0.530600155960747,"Yes"
"658","ctx-lh-supramarginal","ACTL10",0.527915306120214,"No"
"659","ctx-lh-supramarginal","RHOV",0.49642277563121,"No"
"660","ctx-lh-supramarginal","INO80E",0.425197498316202,"Yes"
"661","ctx-lh-frontalpole","ALDOA",0.218737402462607,"Yes"
"662","ctx-lh-frontalpole","SFN",0.62679309828665,"No"
"663","ctx-lh-frontalpole","KIF22",0.576133176935214,"Yes"
"664","ctx-lh-frontalpole","MAZ",0.444010601104531,"Yes"
"665","ctx-lh-frontalpole","PPP4C",0.406891361772734,"Yes"
"666","ctx-lh-frontalpole","MAPK3",0.425254905140905,"Yes"
"667","ctx-lh-frontalpole","MAP4K2",0.406632456682536,"No"
"668","ctx-lh-frontalpole","RPL12",0.746255725677119,"No"
"669","ctx-lh-frontalpole","TAOK2",0.481131486884467,"Yes"
"670","ctx-lh-frontalpole","CDIPT",0.487662750880099,"Yes"
"671","ctx-lh-frontalpole","FTCD",0.440519961820406,"No"
"672","ctx-lh-frontalpole","DNAH1",0.45403782370035,"No"
"673","ctx-lh-frontalpole","LGALS14",0.578847157152128,"No"
"674","ctx-lh-frontalpole","CARNS1",0.801534489791216,"No"
"675","ctx-lh-frontalpole","PAGR1",0.741508805217097,"No"
"676","ctx-lh-frontalpole","TRAF3IP3",0.706009728113297,"No"
"677","ctx-lh-frontalpole","PMFBP1",0.810692756629204,"No"
"678","ctx-lh-frontalpole","OR6W1P",0.665442412738798,"No"
"679","ctx-lh-frontalpole","TMEM219",0.384249799845882,"Yes"
"680","ctx-lh-frontalpole","ACTL10",0.600917349703177,"No"
"681","ctx-lh-frontalpole","RHOV",0.225419435517886,"No"
"682","ctx-lh-frontalpole","INO80E",0.724245844468014,"Yes"
"683","ctx-lh-temporalpole","ALDOA",0.53293552783021,"Yes"
"684","ctx-lh-temporalpole","SFN",0.540314528147286,"No"
"685","ctx-lh-temporalpole","KIF22",0.583863626641969,"Yes"
"686","ctx-lh-temporalpole","MAZ",0.60722008983155,"Yes"
"687","ctx-lh-temporalpole","PPP4C",0.687737915538658,"Yes"
"688","ctx-lh-temporalpole","MAPK3",0.849170005921299,"Yes"
"689","ctx-lh-temporalpole","MAP4K2",0.361651022536431,"No"
"690","ctx-lh-temporalpole","RPL12",0.791037938957399,"No"
"691","ctx-lh-temporalpole","TAOK2",0.558550676662677,"Yes"
"692","ctx-lh-temporalpole","CDIPT",0.488800982121097,"Yes"
"693","ctx-lh-temporalpole","FTCD",0.5493943983375,"No"
"694","ctx-lh-temporalpole","DNAH1",0.359839285050785,"No"
"695","ctx-lh-temporalpole","LGALS14",0.448603173400144,"No"
"696","ctx-lh-temporalpole","CARNS1",0.305866234833821,"No"
"697","ctx-lh-temporalpole","PAGR1",0.392361303502128,"No"
"698","ctx-lh-temporalpole","TRAF3IP3",0.663884176821303,"No"
"699","ctx-lh-temporalpole","PMFBP1",0.429046688333471,"No"
"700","ctx-lh-temporalpole","OR6W1P",0.505097426351017,"No"
"701","ctx-lh-temporalpole","TMEM219",0.723855502429844,"Yes"
"702","ctx-lh-temporalpole","ACTL10",0.453973765244437,"No"
"703","ctx-lh-temporalpole","RHOV",0.489325932332656,"No"
"704","ctx-lh-temporalpole","INO80E",0.462130321432501,"Yes"
"705","ctx-lh-transversetemporal","ALDOA",0.370854105962549,"Yes"
"706","ctx-lh-transversetemporal","SFN",0.417390264592957,"No"
"707","ctx-lh-transversetemporal","KIF22",0.446149350353241,"Yes"
"708","ctx-lh-transversetemporal","MAZ",0.55940555288261,"Yes"
"709","ctx-lh-transversetemporal","PPP4C",0.393393052694291,"Yes"
"710","ctx-lh-transversetemporal","MAPK3",0.213782703924154,"Yes"
"711","ctx-lh-transversetemporal","MAP4K2",0.550819877797293,"No"
"712","ctx-lh-transversetemporal","RPL12",0.338626523541727,"No"
"713","ctx-lh-transversetemporal","TAOK2",0.531438639196688,"Yes"
"714","ctx-lh-transversetemporal","CDIPT",0.349820827223877,"Yes"
"715","ctx-lh-transversetemporal","FTCD",0.366397033149826,"No"
"716","ctx-lh-transversetemporal","DNAH1",0.589361757747416,"No"
"717","ctx-lh-transversetemporal","LGALS14",0.567521943521127,"No"
"718","ctx-lh-transversetemporal","CARNS1",0.64924543566239,"No"
"719","ctx-lh-transversetemporal","PAGR1",0.63451679648712,"No"
"720","ctx-lh-transversetemporal","TRAF3IP3",0.407276631351986,"No"
"721","ctx-lh-transversetemporal","PMFBP1",0.577141385571791,"No"
"722","ctx-lh-transversetemporal","OR6W1P",0.571271422833485,"No"
"723","ctx-lh-transversetemporal","TMEM219",0.209898500905771,"Yes"
"724","ctx-lh-transversetemporal","ACTL10",0.550663184874709,"No"
"725","ctx-lh-transversetemporal","RHOV",0.543682821623707,"No"
"726","ctx-lh-transversetemporal","INO80E",0.536737123819216,"Yes"
"727","ctx-lh-insula","ALDOA",0.67710997400086,"Yes"
"728","ctx-lh-insula","SFN",0.529167607754491,"No"
"729","ctx-lh-insula","KIF22",0.628464422175348,"Yes"
"730","ctx-lh-insula","MAZ",0.552170198067104,"Yes"
"731","ctx-lh-insula","PPP4C",0.495308830340723,"Yes"
"732","ctx-lh-insula","MAPK3",0.6309427717932,"Yes"
"733","ctx-lh-insula","MAP4K2",0.412399056137893,"No"
"734","ctx-lh-insula","RPL12",0.707598064356396,"No"
"735","ctx-lh-insula","TAOK2",0.536708125908186,"Yes"
"736","ctx-lh-insula","CDIPT",0.553535788173384,"Yes"
"737","ctx-lh-insula","FTCD",0.444450950066953,"No"
"738","ctx-lh-insula","DNAH1",0.542646348444877,"No"
"739","ctx-lh-insula","LGALS14",0.454807640985908,"No"
"740","ctx-lh-insula","CARNS1",0.492165916823576,"No"
"741","ctx-lh-insula","PAGR1",0.577041520364756,"No"
"742","ctx-lh-insula","TRAF3IP3",0.516525499698469,"No"
"743","ctx-lh-insula","PMFBP1",0.512444159047567,"No"
"744","ctx-lh-insula","OR6W1P",0.458581117491606,"No"
"745","ctx-lh-insula","TMEM219",0.54832036126757,"Yes"
"746","ctx-lh-insula","ACTL10",0.566165518237634,"No"
"747","ctx-lh-insula","RHOV",0.493392597552055,"No"
"748","ctx-lh-insula","INO80E",0.501585785207376,"Yes"
